row,column,local_x,local_y,source_x,source_y,stored_depth
0,0,-92.2,-115.0,414.8,52.0,0.013111000000000001
0,1,-66.0,-115.0,441.0,52.0,0.045217
0,2,-49.625,-115.0,457.375,52.0,0.087935
0,3,-33.25,-115.0,473.75,52.0,0.113056
0,4,-16.875,-115.0,490.125,52.0,0.130625
0,5,-0.5,-115.0,506.5,52.0,0.139722
0,6,15.875,-115.0,522.875,52.0,0.131181
0,7,32.25,-115.0,539.25,52.0,0.114167
0,8,48.625,-115.0,555.625,52.0,0.090543
0,9,65.0,-115.0,572.0,52.0,0.04782600000000001
0,10,91.20001000000002,-115.0,598.20001,52.0,0.014222000000000002
1,0,-92.2,-82.0,414.8,85.0,0.026357
1,1,-66.0,-82.0,441.0,85.0,0.11128400000000001
1,2,-49.625,-82.0,457.375,85.0,0.19224800000000003
1,3,-33.25,-82.0,473.75,85.0,0.23819100000000004
1,4,-16.875,-82.0,490.125,85.0,0.26876500000000003
1,5,-0.5,-82.0,506.5,85.0,0.277862
1,6,15.875,-82.0,522.875,85.0,0.26932
1,7,32.25,-82.0,539.25,85.0,0.240155
1,8,48.625,-82.0,555.625,85.0,0.197193
1,9,65.0,-82.0,572.0,85.0,0.11622900000000001
1,10,91.20001000000002,-82.0,598.20001,85.0,0.029457
2,0,-92.2,-61.375,414.8,105.625,0.034506
2,1,-66.0,-61.375,441.0,105.625,0.15870350000000003
2,2,-49.625,-61.375,457.375,105.625,0.24676150000000005
2,3,-33.25,-61.375,473.75,105.625,0.2945495
2,4,-16.875,-61.375,490.125,105.625,0.32572950000000006
2,5,-0.5,-61.375,506.5,105.625,0.33394750000000006
2,6,15.875,-61.375,522.875,105.625,0.32623150000000006
2,7,32.25,-61.375,539.25,105.625,0.29655650000000006
2,8,48.625,-61.375,555.625,105.625,0.25199350000000004
2,9,65.0,-61.375,572.0,105.625,0.16408426
2,10,91.20001000000002,-61.375,598.20001,105.625,0.03917199700000001
3,0,-92.2,-40.75,414.8,126.25,0.042534
3,1,-66.0,-40.75,441.0,126.25,0.211891
3,2,-49.625,-40.75,457.375,126.25,0.291219
3,3,-33.25,-40.75,473.75,126.25,0.33034100000000005
3,4,-16.875,-40.75,490.125,126.25,0.35505000000000003
3,5,-0.5,-40.75,506.5,126.25,0.361562
3,6,15.875,-40.75,522.875,126.25,0.355447
3,7,32.25,-40.75,539.25,126.25,0.33193200000000006
3,8,48.625,-40.75,555.625,126.25,0.295636
3,9,65.0,-40.75,572.0,126.25,0.21674550000000004
3,10,91.20001000000002,-40.75,598.20001,126.25,0.04906670000000001
4,0,-92.2,-20.125,414.8,146.875,0.049815126
4,1,-66.0,-20.125,441.0,146.875,0.26045445
4,2,-49.625,-20.125,457.375,146.875,0.3319713000000001
4,3,-33.25,-20.125,473.75,146.875,0.36445260000000007
4,4,-16.875,-20.125,490.125,146.875,0.38306397000000003
4,5,-0.5,-20.125,506.5,146.875,0.3878764000000001
4,6,15.875,-20.125,522.875,146.875,0.38335744
4,7,32.25,-20.125,539.25,146.875,0.36599508000000003
4,8,48.625,-20.125,555.625,146.875,0.33796605
4,9,65.0,-20.125,572.0,146.875,0.26848700000000003
4,10,91.20001000000002,-20.125,598.20001,146.875,0.05893152
5,0,-92.2,0.5,414.8,167.5,0.049399500000000006
5,1,-66.0,0.5,441.0,167.5,0.24530146
5,2,-49.625,0.5,457.375,167.5,0.31766683
5,3,-33.25,0.5,473.75,167.5,0.342
5,4,-16.875,0.5,490.125,167.5,0.38672104
5,5,-0.5,0.5,506.5,167.5,0.3950342
5,6,15.875,0.5,522.875,167.5,0.38725555
5,7,32.25,0.5,539.25,167.5,0.34700000000000003
5,8,48.625,0.5,555.625,167.5,0.32845777
5,9,65.0,0.5,572.0,167.5,0.26323354
5,10,91.20001000000002,0.5,598.20001,167.5,0.060581345
6,0,-92.2,21.125,414.8,188.125,0.046005000000000004
6,1,-66.0,21.125,441.0,188.125,0.21776548
6,2,-49.625,21.125,457.375,188.125,0.2949826
6,3,-33.25,21.125,473.75,188.125,0.31637645000000003
6,4,-16.875,21.125,490.125,188.125,0.35800000000000004
6,5,-0.5,21.125,506.5,188.125,0.387
6,6,15.875,21.125,522.875,188.125,0.36400000000000005
6,7,32.25,21.125,539.25,188.125,0.32532173000000003
6,8,48.625,21.125,555.625,188.125,0.31437004
6,9,65.0,21.125,572.0,188.125,0.24835159
6,10,91.20001000000002,21.125,598.20001,188.125,0.059401236
7,0,-92.2,41.75,414.8,208.75,0.039822
7,1,-66.0,41.75,441.0,208.75,0.23082145
7,2,-49.625,41.75,457.375,208.75,0.30972120000000003
7,3,-33.25,41.75,473.75,208.75,0.34632260000000004
7,4,-16.875,41.75,490.125,208.75,0.39719240000000006
7,5,-0.5,41.75,506.5,208.75,0.45084295
7,6,15.875,41.75,522.875,208.75,0.4008934000000001
7,7,32.25,41.75,539.25,208.75,0.35090170000000004
7,8,48.625,41.75,555.625,208.75,0.33101937
7,9,65.0,41.75,572.0,208.75,0.26582710000000004
7,10,91.20001000000002,41.75,598.20001,208.75,0.054000713000000006
8,0,-92.2,62.375,414.8,229.375,0.02681945
8,1,-66.0,62.375,441.0,229.375,0.19885676
8,2,-49.625,62.375,457.375,229.375,0.28540817
8,3,-33.25,62.375,473.75,229.375,0.30999446
8,4,-16.875,62.375,490.125,229.375,0.34725553000000003
8,5,-0.5,62.375,506.5,229.375,0.36748046
8,6,15.875,62.375,522.875,229.375,0.34852353
8,7,32.25,62.375,539.25,229.375,0.31302473000000003
8,8,48.625,62.375,555.625,229.375,0.30001774000000003
8,9,65.0,62.375,572.0,229.375,0.22450995
8,10,91.20001000000002,62.375,598.20001,229.375,0.03761943
9,0,-92.2,83.0,414.8,250.0,0.005536
9,1,-66.0,83.0,441.0,250.0,0.08352400000000001
9,2,-49.625,83.0,457.375,250.0,0.18459123
9,3,-33.25,83.0,473.75,250.0,0.24696596
9,4,-16.875,83.0,490.125,250.0,0.29396412
9,5,-0.5,83.0,506.5,250.0,0.31381863
9,6,15.875,83.0,522.875,250.0,0.29517615
9,7,32.25,83.0,539.25,250.0,0.25002065
9,8,48.625,83.0,555.625,250.0,0.19077677
9,9,65.0,83.0,572.0,250.0,0.08949700000000001
9,10,91.20001000000002,83.0,598.20001,250.0,0.008265
10,0,-92.2,116.0,414.8,283.0,-0.017236
10,1,-66.0,116.0,441.0,283.0,0.004989
10,2,-49.625,116.0,457.375,283.0,0.028596
10,3,-33.25,116.0,473.75,283.0,0.046658
10,4,-16.875,116.0,490.125,283.0,0.062089
10,5,-0.5,116.0,506.5,283.0,0.071425
10,6,15.875,116.0,522.875,283.0,0.062659
10,7,32.25,116.0,539.25,283.0,0.047628000000000004
10,8,48.625,116.0,555.625,283.0,0.030037000000000005
10,9,65.0,116.0,572.0,283.0,0.006430000000000002
10,10,91.20001000000002,116.0,598.20001,283.0,-0.016437
